iteration,error,R1,L1,C1
0,0.4022333209259758,183.8256764519397,2.499221212017426e-06,3.822684823709836e-12
1,0.053159401322653885,54.18173504863846,1.6841667027317977e-06,4.218917415426005e-12
2,0.03924125405990265,48.7778733273711,1.815964497425234e-06,4.9295541437301605e-12
3,0.02348050819634462,49.29870750673114,2.2039700324802873e-06,4.9103921110789696e-12
4,0.02278197953224408,50.26048050073203,2.163818921456286e-06,4.879100945377252e-12
5,0.022756521809874707,50.00396536648394,2.174720180950797e-06,4.766914948939919e-12
6,0.02273933229716192,50.04662098210712,2.170845510250157e-06,4.822136913031276e-12
7,0.02273933229716192,50.04662098210712,2.170845510250157e-06,4.822136913031276e-12
